{
	"credit": "Made by Cart3r using Blockbench.",
 	"parent": "portalcubed:portal_gun/mel/humanoid/mel_portal_gun",
	"display": {
		"thirdperson_righthand": {
			"translation": [0, 2.15, -7.25],
			"scale": [0.80273, 0.83007, 0.80273]
		},
		"thirdperson_lefthand": {
			"translation": [0, 2.15, -7.25],
			"scale": [0.80273, 0.83007, 0.80273]
		},
		"firstperson_righthand": {
			"rotation": [9.72, 7.04, 2.52],
			"translation": [5.5, 2.75, -9],
			"scale": [1.16992, 1.16992, 1.16992]
		},
		"firstperson_lefthand": {
			"rotation": [9.72, 7.04, 2.52],
			"translation": [5.5, 2.75, -9],
			"scale": [1.16992, 1.16992, 1.16992]
		},
		"ground": {
			"rotation": [-87, 0, -180],
			"translation": [0, -4.5, 4],
			"scale": [0.58984, 0.58984, 0.58984]
		},
		"gui": {
			"rotation": [26.75, -139, 0],
			"translation": [-1.75, 3, 0],
			"scale": [0.64649, 0.64649, 0.64649]
		},
		"head": {
			"translation": [0, 13.75, 0.75]
		},
		"fixed": {
			"rotation": [-90, -90, 0],
			"translation": [-1, 0.25, -8.75]
		}
	},
	"groups": [
		{
			"name": "shell",
			"origin": [0, 0, 0],
			"color": 0,
			"children": [0, 1, 2, 3, 4, 5, 6, 7, 8, 9, 10, 11]
		},
		12,
		13,
		14,
		{
			"name": "group",
			"origin": [7.9995, 4.54813, -2.2675],
			"color": 0,
			"children": [15, 16, 17, 18, 19, 20, 21, 22, 23, 24, 25, 26]
		},
		27,
		28,
		29,
		30,
		31,
		32,
		33,
		34
	],
	"portalcubed:render_types": {
		"cutout": ["cutout"]
	}
}
