{
	"credit": "Made by Cart3r using Blockbench.",
	"textures": {
		"0": "portalcubed:prop/cooking_pot",
		"particle": "portalcubed:prop/cooking_pot"
	},
	"elements": [
		{
			"from": [7.5, 3.075, -1.5],
			"to": [8.5, 4.075, 4.5],
			"rotation": {"angle": 0, "axis": "y", "origin": [0, 0, 16]},
			"faces": {
				"north": {"uv": [7.968, 13.016, 7.016, 13.968], "texture": "#0"},
				"east": {"uv": [14.968, 13.016, 9.032, 13.968], "texture": "#0"},
				"west": {"uv": [5.968, 13.016, 0.032, 13.968], "texture": "#0"},
				"up": {"uv": [15.968, 0.032, 15.032, 5.968], "texture": "#0"},
				"down": {"uv": [15.968, 7.032, 15.032, 12.968], "texture": "#0"}
			}
		},
		{
			"from": [4.49, 0.065, 4.49],
			"to": [11.51, 4.085, 11.51],
			"faces": {
				"north": {"uv": [0, 7.016, 7.02, 11.036], "texture": "#0"},
				"east": {"uv": [7, 0, 14.02, 4.02], "texture": "#0"},
				"south": {"uv": [7, 4, 14.02, 8.02], "texture": "#0"},
				"west": {"uv": [7, 8, 14.02, 12.02], "texture": "#0"},
				"down": {"uv": [0, 0, 7, 7], "texture": "#0"}
			}
		},
		{
			"name": "cube inverted",
			"from": [11.51, 4.085, 11.51],
			"to": [4.49, 0.065, 4.49],
			"faces": {
				"north": {"uv": [7.032, 7.968, 13.968, 4.032], "texture": "#0"},
				"east": {"uv": [7.032, 11.968, 13.968, 8.032], "texture": "#0"},
				"south": {"uv": [0.032, 10.968, 6.968, 7.016], "texture": "#0"},
				"west": {"uv": [7.032, 3.968, 13.968, 0.032], "texture": "#0"},
				"up": {"uv": [6.968, 0.032, 0.032, 6.968], "texture": "#0"}
			}
		}
	],
	"display": {
		"thirdperson_righthand": {
			"rotation": [72.87, 180, 5.23],
			"translation": [0, 7.5, 3.75],
			"scale": [1.07813, 1.07813, 1.07813]
		},
		"thirdperson_lefthand": {
			"rotation": [72.87, 180, 5.23],
			"translation": [0, 7.5, 3.75],
			"scale": [1.07813, 1.07813, 1.07813]
		},
		"firstperson_righthand": {
			"rotation": [14.62, 180, -4],
			"translation": [0, 7.5, -3.75],
			"scale": [1.07813, 1.07813, 1.07813]
		},
		"firstperson_lefthand": {
			"rotation": [14.62, 180, -4],
			"translation": [0, 7.5, -3.75],
			"scale": [1.07813, 1.07813, 1.07813]
		},
		"ground": {
			"translation": [0, 3, 0],
			"scale": [0.5, 0.5, 0.5]
		},
		"gui": {
			"rotation": [30, 45, 0],
			"translation": [1.25, 4.25, 0],
			"scale": [1.16797, 1.16797, 1.16797]
		},
		"head": {
			"rotation": [-136.53, 83.42, -45.83],
			"translation": [1, -10.5, 0.5],
			"scale": [2.24023, 2.24023, 2.24023]
		},
		"fixed": {
			"rotation": [0, 87, 0],
			"translation": [-1.75, 3, 0],
			"scale": [0.85938, 0.85938, 0.85938]
		}
	}
}
