{
	"credit": "Made with Blockbench by Cart3r.  ",
	"textures": {
		"0": "portalcubed:item/computer"
	},
	"elements": [
		{
			"from": [4, 0, 4],
			"to": [12, 3, 12],
			"faces": {
				"north": {"uv": [0.032, 9.032, 7.968, 11.968], "texture": "#0"},
				"east": {"uv": [8.032, 9.032, 15.968, 11.968], "texture": "#0"},
				"south": {"uv": [0.032, 13.032, 7.968, 15.968], "texture": "#0"},
				"west": {"uv": [8.032, 13.032, 15.968, 15.968], "texture": "#0"},
				"up": {"uv": [7.968, 7.968, 0.032, 0.032], "texture": "#0"},
				"down": {"uv": [15.968, 7.968, 8.032, 0.032], "texture": "#0"}
			}
		}
	],
	"display": {
		"thirdperson_righthand": {
			"rotation": [75, 45, 0],
			"translation": [-0.5, 4.75, 3.5],
			"scale": [0.73828, 0.73828, 0.73828]
		},
		"thirdperson_lefthand": {
			"rotation": [75, 45, 0],
			"translation": [-0.5, 4.75, 3.5],
			"scale": [0.73828, 0.73828, 0.73828]
		},
		"firstperson_righthand": {
			"rotation": [-178.63, 70, 180],
			"translation": [-0.5, 7.5, -0.75],
			"scale": [0.73828, 0.73828, 0.73828]
		},
		"firstperson_lefthand": {
			"rotation": [-178.63, 70, 180],
			"translation": [-0.5, 7.5, -0.75],
			"scale": [0.73828, 0.73828, 0.73828]
		},
		"ground": {
			"translation": [0, 3, 0],
			"scale": [0.5, 0.5, 0.5]
		},
		"gui": {
			"rotation": [30, 225, 0],
			"translation": [0, 5, 0],
			"scale": [1.24023, 1.24023, 1.24023]
		},
		"head": {
			"rotation": [-180, -180, -180],
			"translation": [0, 12.25, 0],
			"scale": [1.90039, 1.90039, 1.90039]
		},
		"fixed": {
			"rotation": [-91.79, -0.43, 0.22],
			"translation": [0, 0, -6.5],
			"scale": [0.96875, 0.96875, 0.96875]
		}
	}
}