{
	"credit": "Made by Cart3r using Blockbench.",
	"textures": {
		"0": "portalcubed:item/cooking_pot"
	},
	"elements": [
		{
			"from": [7.5, 3.075, 11.5],
			"to": [8.5, 4.075, 17.5],
			"faces": {
				"east": {"uv": [9.032, 13.016, 14.968, 13.968], "texture": "#0"},
				"south": {"uv": [7.016, 13.016, 7.968, 13.968], "texture": "#0"},
				"west": {"uv": [0.032, 13.016, 5.968, 13.968], "texture": "#0"},
				"up": {"uv": [15.968, 5.968, 15.032, 0.032], "texture": "#0"},
				"down": {"uv": [15.968, 12.968, 15.032, 7.032], "texture": "#0"}
			}
		},
		{
			"from": [4.49, 0.065, 4.49],
			"to": [11.51, 4.085, 11.51],
			"faces": {
				"north": {"uv": [0, 7.016, 7.02, 11.036], "texture": "#0"},
				"east": {"uv": [7, 0, 14.02, 4.02], "texture": "#0"},
				"south": {"uv": [7, 4, 14.02, 8.02], "texture": "#0"},
				"west": {"uv": [7, 8, 14.02, 12.02], "texture": "#0"},
				"down": {"uv": [0, 0, 7, 7], "texture": "#0"}
			}
		},
		{
			"name": "cube inverted",
			"from": [11.51, 4.085, 11.51],
			"to": [4.49, 0.065, 4.49],
			"faces": {
				"north": {"uv": [7, 8.02, 14.02, 4], "texture": "#0"},
				"east": {"uv": [7, 12.02, 14.02, 8], "texture": "#0"},
				"south": {"uv": [0, 11.036, 7.02, 7.016], "texture": "#0"},
				"west": {"uv": [7, 4.02, 14.02, 0], "texture": "#0"},
				"up": {"uv": [7, 0, 0, 7], "texture": "#0"}
			}
		}
	],
	"display": {
		"thirdperson_righthand": {
			"rotation": [72.87, 0.17, 5.23],
			"translation": [0, 7.5, 3.75],
			"scale": [1.07813, 1.07813, 1.07813]
		},
		"thirdperson_lefthand": {
			"rotation": [72.87, 0.17, 5.23],
			"translation": [0, 7.5, 3.75],
			"scale": [1.07813, 1.07813, 1.07813]
		},
		"firstperson_righthand": {
			"rotation": [14.62, 0.17, 5.23],
			"translation": [0, 7.5, -3.75],
			"scale": [1.07813, 1.07813, 1.07813]
		},
		"firstperson_lefthand": {
			"rotation": [14.62, 0.17, 5.23],
			"translation": [0, 7.5, -3.75],
			"scale": [1.07813, 1.07813, 1.07813]
		},
		"ground": {
			"translation": [0, 3, 0],
			"scale": [0.5, 0.5, 0.5]
		},
		"gui": {
			"rotation": [30, 225, 0],
			"translation": [1.25, 4.25, 0],
			"scale": [1.16797, 1.16797, 1.16797]
		},
		"head": {
			"rotation": [-136.53, 83.42, -45.83],
			"translation": [1, -10.5, 0.5],
			"scale": [2.24023, 2.24023, 2.24023]
		},
		"fixed": {
			"rotation": [0, 87, 0],
			"translation": [-1.75, 3, 0],
			"scale": [0.85938, 0.85938, 0.85938]
		}
	}
}