{
	"credit": "Made by Cart3r using Blockbench.",
 	"parent": "portalcubed:portal_gun/peashooter/humanoid/peashooter",
	"display": {
		"thirdperson_righthand": {
			"rotation": [-176.5, -40, 180],
			"translation": [0, 1, 1.5],
			"scale": [0.80273, 0.80273, 0.80273]
		},
		"thirdperson_lefthand": {
			"rotation": [-176.5, 44, 180],
			"translation": [0, 1, 1.5],
			"scale": [0.80273, 0.80273, 0.80273]
		},
		"firstperson_righthand": {
			"rotation": [-174.89, -44.5, -179.48],
			"translation": [0.25, 2.75, 0],
			"scale": [0.55664, 0.55078, 0.55664]
		},
		"firstperson_lefthand": {
			"rotation": [-174.89, 48, -179.48],
			"translation": [0.25, 2.75, 0],
			"scale": [0.55664, 0.55078, 0.55664]
		},
		"ground": {
			"rotation": [12, 45, 0],
			"translation": [0, 2.5, 0],
			"scale": [0.58984, 0.58984, 0.58984]
		},
		"gui": {
			"rotation": [27.75, 89, 0],
			"translation": [-0.25, 0, 0],
			"scale": [0.76563, 0.76563, 0.76563]
		},
		"head": {
			"rotation": [0, -133, 0],
			"translation": [0, 15.25, 0]
		},
		"fixed": {
			"rotation": [-90, -90, 0],
			"translation": [0, 0.25, -7.75]
		}
	},
	"groups": [
		0,
		1,
		2,
		3,
		4,
		5,
		6,
		7,
		8,
		{
			"name": "leaves",
			"origin": [7.98744, 1.73853, 8.00914],
			"color": 0,
			"children": [9, 10, 11, 12, 13, 14, 15, 16]
		},
		{
			"name": "outline",
			"origin": [5.33579, 6.25, 8.66079],
			"color": 0,
			"children": [17, 18, 19, 20, 21, 22, 23, 24, 25, 26, 27, 28, 29, 30, 31, 32, 33, 34, 35, 36, 37, 38]
		},
		39,
		40,
		41
	]
}
